${0},,
"${0} ${1} already exists.","${0} ${1} existiert bereits",
"${0} ${1} does not exist","${0} existiert nicht",
"${0} ${1} has been modified after loading please reload entry.","${0} ${1} wurde nach dem Laden verändert, bitte Eintrag neu laden",
"${0} ${1} is linked with existing records.","${0} ${1} ist mit bestehenden Datensätzen verknüpft",
"${0} account not set in Inventory Settings.","${0} Konto in den Inventareinstellungen nicht festgelegt",
"${0} already applied.",,
"${0} already saved","${0} bereits gespeichert",
"${0} already submitted","${0} bereits gebucht",
"${0} cancelled","${0} storniert",
"${0} cannot be cancelled","${0} kann nicht stornieren werden",
"${0} cannot be deleted","${0} kann nicht gelöscht werden",
"${0} deleted","${0} gelöscht",
"${0} entries failed","${0} Einträge fehlgeschlagen",
"${0} entries imported","${0} Einträge importiert",
"${0} entry failed","${0} Eintrag fehlgeschlagen",
"${0} entry imported","${0} Eintrag importiert",
"${0} fields selected","${0} Felder ausgewählt",
"${0} filters applied","${0} Filter angewendet",
"${0} has linked child accounts.","${0} hat verknüpfte Unterkonten",
"${0} of type ${1} does not exist","${0} vom Typ ${1} existiert nicht",
"${0} only has ${1} points",,
"${0} out of ${1}","${0} von ${1}",
"${0} party ${1} is different from ${2}","${0} Geschäftspartner ${1} unterscheidet sich von ${2}",
"${0} quantity ${1} added.",,
"${0} quantity 1 added.","${0} Menge 1 hinzugefügt",
"${0} row added.","${0} Zeile hinzugefügt",
"${0} rows","${0} Zeile(n)",
"${0} rows added.","${0} Zeilen hinzugefügt",
"${0} saved","${0} gespeichert",
"${0} shortcuts","${0} Tastaturkürzel",
"${0} stored at ${1}","${0} gespeichert in ${1}",
"${0} submitted","${0} gebucht",
"${0} value ${1} does not exist.","${0} Wert ${1} existiert nicht",
0%,,
03-23-2022,,
03/23/2022,,
"1 filter applied","1 Filter angewendet",
2022-03-23,,
"23 Mar, 2022",,
23-03-2022,,
23.03.2022,,
23/03/2022,,
9888900000,"+49 123 123123",
"A submittable entry is deleted only if it is in the cancelled state.","Ein buchbarer Eintrag wird nur gelöscht, wenn er storniert ist.",
"API Base URL",,
Account,Konto,
"Account ${0} does not exist.","Konto ${0} existiert nicht",
"Account Entries",Konto-Buchungen,
"Account Name","Name des Kontos",
"Account Type",Konto-Typ,
Accounting,Buchhaltung,
"Accounting Entries",Buchungen,
"Accounting Ledger Entry",Buchungen,
"Accounting Settings",Buchungseinstellungen,
Accounts,Konten,
"Accounts Payable",Verbindlichkeiten,
"Accounts Receivable",Forderungen,
"Accumulated Depreciation","kumulierte Abschreibung",
Action,Aktion,
Active,aktiv,
"Add Account","Konto hinzufügen",
"Add Customers","Kunden hinzufügen",
"Add Group","Gruppe hinzufügen",
"Add Items","Artikel hinzufügen",
"Add Row","Zeile hinzufügen",
"Add Suppliers","Lieferanten hinzufügen",
"Add Taxes","Steuern hinzufügen",
"Add a few customers to create your first sales invoice","Fügen Sie ein paar Kunden hinzu, um Ihre erste Verkaufsrechnung zu erstellen.",
"Add a few suppliers to create your first purchase invoice","Fügen Sie ein paar Lieferanten hinzu, um Ihre erste Einkaufsrechnung zu erstellen.",
"Add a filter","Filter hinzufügen",
"Add a remark","Bemerkung hinzufügen",
"Add attachment","Anhang hinzufügen",
"Add invoice terms","Rechnungsbedingungen hinzufügen",
"Add products or services that you buy from your suppliers","Fügen Sie ein Produkt oder eine Dienstleistung hinzu, die Sie bei Ihrem Lieferanten einkaufen möchten.",
"Add products or services that you sell to your customers","Fügen Sie ein Produkt oder eine Dienstleistung hinzu, die Sie Ihrem Kunden verkaufen möchten.",
"Add quote terms",,
"Add transfer terms","Lieferbedingungen hinzufügen",
"Add'l Discounts","Zusätzliche Rabatte",
"Additional ${0} Serial Numbers required for ${1} quantity of ${2}.","Zusätzliche ${0} Seriennummern erforderlich für ${1} Menge von ${2}",
"Additional quantity (${0}) required${1} to make outward transfer of item ${2} from ${3} on ${4}","Zusätzliche Menge (${0}) erforderlich ${1}, um den Artikel ${2} von ${3} auf ${4} zu übertragen",
Address,Adresse,
"Address Display",Adressanzeige,
"Address Line 1","Anschrift Zeile 1",
"Address Line 2","Anschrift Zeile 2",
"Address Name","Name der Adresse",
"Administrative Expenses",Verwaltungskosten,
Alert,,
All,Alles,
"Allow to bypass filters",,
Amount,Betrag,
"Amount Paid","bezahlter Betrag",
"Amount: ${0} and writeoff: ${1} is less than the total amount allocated to references: ${2}.","Der Betrag: ${0} und Abschreibung: ${1} ist kleiner als der Gesamtbetrag, der den Referenzen zugeordnet ist: ${2}",
"Amount: ${0} is less than the total amount allocated to references: ${1}.","Betrag: ${0} ist kleiner als der Gesamtbetrag, der den Referenzen zugewiesen wurde: ${1}",
Amounts,Beträge,
"An entry is cancelled only if it is in the submitted state.","Ein Eintrag wird nur dann storniert, wenn er gebucht ist",
"An entry is submitted only if it is submittable and is in the saved state.","Ein Eintrag wird nur gebucht, wenn er buchbar ist und gespeichert ist.",
"An error occurred.","Es ist ein Fehler aufgetreten",
And,,
"Applicable anywhere in Green Bar By SFGCO","Überall in Green Bar By SFGCO anwendbar",
"Applicable when POS is open",,
"Applicable when Quick Search is open","Anwendbar, wenn die Schnellsuche geöffnet ist",
"Applicable when Template Builder is open","Anwendbar, wenn er Vorlagen-Editor geöffnet ist",
"Applicable when a entry is open in the Form view or Quick Edit view","Anwendbar, wenn ein Eintrag in der Formular- oder Schnellbearbeitungs-Ansicht geöffnet ist",
"Applicable when the List View of an entry type is open","Anwendbar, wenn die Listenansicht eines Eintrags geöffnet ist",
"Application of Funds (Assets)","Verwendung der Mittel (Aktiva)",
"Applied Coupon Codes",,
"Applied Items",,
"Apply Discount After Tax","Rabatt nach der Besteuerung anwenden",
"Apply Price List",,
"Apply and view changes made to the print template","Änderungen an der Druckvorlage übernehmen und anzeigen",
April,,
Arial,,
"Ascending Order","Aufsteigende Sortierung",
Asset,Anlage,
"Attach Image","Bild anhängen",
Attachment,Anhang,
August,,
"Auth Token",,
"Auto Payments","Automatische Zahlung",
"Auto Stock Transfer",,
Autocomplete,Autovervollständigung,
Back,Zurück,
"Back Reference",Rückverweis,
"Bad import data, could not read file.","Importdaten beschädigt. Konnte die Datei nicht importieren.",
Balance,Kontostand,
"Balance Amount",,
"Balance Sheet",Bilanz,
Bank,Bank,
"Bank Accounts",Bankkonten,
"Bank Entry",Bankbuchungen,
"Bank Name",Bankname,
"Bank Overdraft Account",Überziehungskonto,
Barcode,,
"Barcode ${0} has an invalid length.",,
"Barcode must be exactly 12 digits.",,
"Base Grand Total",Basis-Gesamtbetrag,
"Based On",Saldo-Bezug,
Batch,Gebinde,
"Batch ${0} does not belong to Item ${1}",,
"Batch not set for row ${0}.","Gebinde nicht für Zeile ${0} hinterlegt.",
"Batch set for row ${0}.","Gebinde für Zeile ${0} hinterlegt.",
"Bill Created","Rechnung erstellt",
Billing,Abrechnung,
Billion,,
Black,Schwarz,
Blue,Blau,
Both,Beides,
"Both From and To Location cannot be undefined","Die Orte ""Von"" und ""Nach"" können nicht beide undefiniert sein",
Buildings,Gebäude,
Buy,,
"Buy Button Colour",,
"Can Change Discount",,
"Can Change Rate",,
Cancel,Abbrechen,
"Cancel ${0}?","${0} stornieren?",
"Cancel Button Colour",,
"Cancel or Delete an entry.","Einen Eintrag löschen oder stornieren",
Cancelled,Storniert,
"Cannot Commit Error","Fehler kann nicht eingereicht werden",
"Cannot Delete","Löschen nicht möglich",
"Cannot Delete Account","Account kann nicht gelöscht werden",
"Cannot Export","Export nicht möglich",
"Cannot Import","Import nicht möglich",
"Cannot Open File","Kann Datei nicht öffnen",
"Cannot add an item to a submitted invoice.",,
"Cannot cancel ${0} ${1} because of the following ${2}: ${3}","Kann ${0} ${1} wegen der folgenden ${2} nicht stornieren: ${3}",
"Cannot cancel ${0} because of the following ${1}: ${2}",,
"Cannot delete ${0} ""${1}"" because of linked entries.","Kann ${0} ""${1}"" wegen verknüpfter Einträge nicht löschen",
"Cannot open file","Datei kann nicht geöffnet werden",
"Cannot perform operation.","Kann die Operation nicht ausführen",
"Cannot read file","Kann die Datei nicht lesen",
"Capital Equipments",Investitionsgüter,
"Capital Stock",Grundkapital,
Cash,Bargeld,
"Cash Denominations","Bargeld Stückelungen",
"Cash Entry",Buchungen,
"Cash In Hand",Kassenbestand,
Cashflow,Cashflow,
Ceil,,
"Central Tax","Zentrale Steuer",
"Change DB","Datenbank wechseln",
"Change File","Datei auswählen",
"Change Ref Type","Referenztyp ändern",
"Changes made to settings will be visible on reload.","Die Änderungen an den Einstellungen werden erst nach einem Neustart angewendet. Green Bar By SFGCO neustarten?",
Chargeable,Kostenpflichtig,
"Chart Of Accounts Reviewed","Kontenplan überprüft",
"Chart of Accounts",Kontenplan,
Check,,
"Check Digits",,
"City / Town","Stadt / Ortschaft",
Classic,,
Clear,"Löschen ",
"Clear Synced Data From ERPNext SyncQueue",,
"Clearance Date","Datum der Freigabe",
"Clearance Date not set.",,
"Clicking continue will remove all the selected items.",,
Close,Schließen,
"Close Green Bar By SFGCO and try manually.","Schließen Sie Green Bar By SFGCO und versuchen Sie es manuell.",
"Close POS Shift","POS-Schicht abschließen",
"Close Quick Search","Schnellsuche beenden",
Closing,Abschluss,
"Closing ${0} Amount can not be negative.","Der Schlussbetrag ${0} darf nicht negativ sein.",
"Closing (Cr)","Abschluss (Haben)",
"Closing (Dr)","Abschluss (Soll)",
"Closing Amount",Abschlussbetrag,
"Closing Amounts",,
"Closing Cash",,
"Closing Cash In Denominations","Endbestand Bargeld in Stückelung",
"Closing Date",Abschlussdatum,
Collapse,Einklappen,
"Collection Factor (=1 LP)",,
"Collection Rules",,
Color,Farbe,
Colour,,
"Commission on Sales",Umsatzprovision,
Common,Allgemein,
Company,Unternehmen,
"Company Logo",Unternehmenslogo,
"Company Name",Unternehmensname,
"Company Setup","Unternehmen einrichten",
Completed,Abgeschlossen,
Condition,Bedingung,
"Consolidate Columns","Spalten zusammenfassen",
Contacts,Kontakte,
Contains,Enthält,
Continue,,
"Continue submitting Sales Invoice?","Verkaufsrechnung weiter buchen?",
"Contra Entry",Gegenbuchung,
"Conversion Error",Umrechnungsfehler,
"Conversion Factor",Umrechnungs-Faktor,
Converted,,
"Cost Of Goods Sold Acc.","Umsatzkosten (Konto)",
"Cost of Goods Sold",Umsatzkosten,
"Could not connect to database file ${0}, please select the file manually","Konnte keine Verbindung zur Datenbankdatei ${0} herstellen, bitte wählen Sie die Datei manuell aus.",
Count,,
"Counter Cash Account",Kassenkonto,
Country,Land,
"Country Code",Länder-/Regionscode,
"Country code used to initialize regional settings.","Länder-/Regionscode wurde genutzt, um die Einstellungen zu aktualisieren.",
"Coupon ${0} is not applicable for applied items.",,
"Coupon Code",,
"Coupon Name",,
Coupons,,
Courier,Kurier,
Cr.,Haben,
"Cr. ${0}","Haben ${0}",
Create,Erstellen,
"Create Demo","Demoinstanz erstellen",
"Create Payment.",,
"Create Purchase","Einkauf anlegen",
"Create Purchase Invoice","Einkaufs-Rechnung anlegen",
"Create Sale",Verkauf,
"Create Sales Invoice","Verkaufs-Rechnung anlegen",
"Create a demo company to try out Green Bar By SFGCO","Erstelle eine Demofirma, um Green Bar By SFGCO auszuprobieren",
"Create a new company and store it on your computer","Erstelle eine neue Firma und speicher sie auf deinem Computer",
"Create a new company or select an existing one from your computer","Erstelle eine neue Firma oder wähle eine existierende von deinem Computer aus",
"Create a new entry of the same type as the List View","Erstellen Sie einen neuen Eintrag des gleichen Typs wie in der Listenansicht.",
"Create new ${0} entry?","Neuen Eintrag ${0} erstellen?",
"Create your first purchase invoice from the created supplier","Erstellen Sie Ihre erste Einkaufsrechnung vom erstellten Lieferanten.",
"Create your first sales invoice for the created customer","Erstellen Sie Ihre erste Verkaufsrechnung für den erstellten Kunden.",
Created,Angelegt,
"Created By","Angelegt von",
"Creating Items and Parties","Artikel und Geschäftspartner anlegen",
"Creating Journal Entries","Journal-Einträge anlegen",
"Creating Purchase Invoices","Einkaufsrechnung anlegen",
Credit,Haben,
"Credit Card Entry",Kreditkarteneintrag,
"Credit Note",Gutschrift,
Creditors,Kreditoren,
Currency,Währung,
"Currency Name",Währungsname,
Current,Kontokorrent,
"Current Assets",Umlaufvermögen,
"Current Liabilities","Laufende Verbindlichkeiten",
"Custom Field","Benutzerdefiniertes Feld",
"Custom Fields","Benutzerdefinierte Felder",
"Custom Form","Benutzerdefiniertes Formular",
"Custom Hex","Eigener Hex-Wert",
Customer,Kunde,
"Customer Created","Kunde erstellt",
"Customer Currency",Kundenwährung,
Customers,Kunden,
Customizations,Anpassungen,
"Customize Form","Formular anpassen",
"Customize your invoices by adding a logo and address details","Fügen Sie Logo und Adresse ein und gestalten Sie Ihren eigenen Rechnungskopf.",
"Dark mode",,
Dashboard,Dashboard,
Data,,
"Data Sync Interval (In Minutes)",,
"Database Error",Datenbankfehler,
"Database file: ${0}","Datenbankdatei: ${0}",
Date,Datum,
"Date Format",Datumsformat,
"Date Time",Datum/Uhrzeit,
Day,Tag,
Debit,Soll,
"Debit Note",Lastschrift,
Debtors,Debitoren,
December,Dezember,
"Decrease print template display scale","Skalierung der Druckvorlage verkleinern",
Default,Standard,
"Default Account",Standard-Konto,
"Default Cash Denominations",,
"Default Location",Standard-Lagerort,
Defaults,Voreinstellungen,
Delete,Löschen,
"Delete ${0}?","${0} löschen?",
"Delete Account","Account löschen",
"Delete Failed","Löschen fehlgeschlagen",
"Delete Group","Gruppe löschen",
Delivered,Geliefert,
Denomination,,
Depreciation,Abschreibung,
"Depreciation Entry",Abschreibungsbuchungen,
Description,Beschreibung,
Details,Details,
"Device ID",,
"Device is offline. Please connect to a network to continue.",,
"Difference Amount",Differenzbetrag,
"Direct Expenses","Direkte Ausgaben",
"Direct Income","Direktes Einkommen",
"Directory for database file ${0} does not exist, please select the file manually","Das Verzeichnis für die Datenbankdatei ${0} existiert nicht, bitte wählen Sie die Datei manuell aus.",
Disabled,Deaktiviert,
"Discount Account",Rabattkonto,
"Discount Account is not set.","Rabattkonto ist nicht eingerichtet.",
"Discount Amount",Rabattierungsbetrag,
"Discount Amount (${0}) cannot be greated than Amount (${1}).","Rabattbetrag (${0}) kann nicht höher sein als der Betrag (${1}).",
"Discount Percent","Rabatt in %",
"Discount Percent (${0}) cannot be greater than 100.","Rabatt (${0}) kann nicht größer als 100% sein.",
"Discount Percentage",,
"Discount Type",,
"Discounted Amount","Rabattierter Betrag",
Discounts,Rabatte,
"Display Amount In Words",,
"Display Description In Invoice",,
"Display Doc","Anzeigedokument anzeigen",
"Display Logo in Invoice","Logo in der Rechnung anzeigen",
"Display Precision","Genauigkeit anzeigen",
"Display Precision should have a value between 0 and 9.","Die Anzeigegenauigkeit sollte einen Wert zwischen 0 und 9 haben.",
"Display Scale","Skala anzeigen",
"Display Time In Invoice",,
"Dividends Paid","Ausgeschüttete Dividende",
"Do not Contact",,
"Doc ${0} ${1} not set","Anleitung ${0} ${1} nicht gesetzt",
Docs,Dokumente,
"Document Name",,
Documentation,Dokumentation,
"Does Not Contain","Enthält nicht",
Done,Fertig,
Dr.,Dr.,
"Dr. ${0}","Dr. ${0}",
Draft,Entwurf,
Duplicate,Duplizieren,
"Duplicate Entry","Eintrag duplizieren",
"Duplicate Template","Vorlage duplizieren",
"Duplicate columns found: ${0}","Doppelte Spalten gefunden: ${0}",
"Duties and Taxes","Zölle und Steuern",
"Dynamic Link","Dynamische Verknüpfung",
"ERPNext Sync",,
"ERPNext Sync Queue",,
"ERPNext Sync Settings",,
"Earnest Money",Anzahlung,
Eight,,
Eighteen,,
Eighty,,
"Electronic Equipments","Elektronische Ausrüstungen",
Eleven,,
Email,E-Mail,
"Email Address",E-Mail-Adresse,
Empty,Leer,
"Empty file selected","Leere Datei ausgewählt",
"Enable Barcodes","Barcodes aktivieren",
"Enable Batches","Gebinde aktivieren",
"Enable Coupon Code",,
"Enable Discount Accounting","Rabattrechnung aktivieren",
"Enable ERPNext Sync",,
"Enable Form Customization","Formularanpassung aktivieren",
"Enable Inventory","Inventar aktivieren",
"Enable Invoice Returns","Rechnungsrückgaben aktivieren",
"Enable Item Group",,
"Enable Lead",,
"Enable Loyalty Program",,
"Enable POS Without Inventory",,
"Enable Partial Payment",,
"Enable Partial payment to pay partial amount",,
"Enable Point of Sale","Verkaufsstelle aktivieren",
"Enable Price List","Preisliste aktivieren",
"Enable Pricing Rule",,
"Enable Serial Number","Seriennummern aktivieren",
"Enable UOM Conversion","Einheitenumrechnung aktivieren",
Enabled,Aktiviert,
"Enabled For","Aktiviert für",
Endpoints,,
"Enter Country to load States","Geben Sie das Land an, um die Bundesländer/-Staaten zu laden.",
"Enter State","Bundesland/-Staat angeben",
"Enter barcode","Barcode eingeben",
"Enter weight barcode",,
"Entertainment Expenses","Ausgaben für Unterhaltung",
Entry,Eintrag,
"Entry Currency",Eintragswährung,
"Entry Label",Eintragslabel,
"Entry No",Buchungsnummer,
"Entry No.",Buchungsnummer,
"Entry Type","Buchungstyp ",
"Entry has Grand Total ${0}. Please verify amounts.","Eintrag hat Gesamtsumme ${0}. Bitte überprüfen Sie die Beträge.",
Equity,Eigenkapital,
Error,Fehler,
"Exchange Gain/Loss",Wechselkursgewinne/-verluste,
"Exchange Rate",Wechselkurse,
"Excise Entry",Verbrauchssteuer-Eintrag,
"Existing Company","Bestehendes Unternehmen",
Expand,Ausklappen,
"Expected Amount","Erwarteter Betrag",
Expense,Ausgabe,
"Expense Account",Aufwandskonto,
Expenses,Ausgaben,
"Expenses Included In Valuation","In die Bewertung einbezogene Ausgaben",
"Expiry Date",Ablaufdatum,
"Expiry Duration",,
Export,Exportieren,
"Export Failed","Export gescheitert",
"Export Format",Export-Format,
"Export Successful","Export erfolgreich",
"Export Wizard",Export-Assistent,
"FBooks Integration Version",,
Failed,Fehlgeschlagen,
Fax,Fax,
Features,Merkmale,
February,Februar,
"Fetch Data From ERPNext",,
"Fetch From ERPNext Queue",,
Field,Feld,
Fieldname,Feldname,
"Fieldname ${0} already exists for ${1}","""Feldname ${0} existiert bereits für ${1}"",
""Fieldname ${0} already used for Custom Field ${1}"",""Feldname ${0} wird bereits für benutzerdefiniertes Feld ${1} verwendet"",
Fieldtype,Feldtyp,
""File ${0} does not exist."",""Datei ${0} existiert nicht"",
""File selection failed"",""Dateiauswahl fehlgeschlagen"",
Fill,Auffüllen,
Filter,Filter,
""Fiscal Year"",Geschäftsjahr,
""Fiscal Year End Date"",""Ende Geschäftsjahr (Bilanzstichtag)"",
""Fiscal Year Start Date"",""Beginn Geschäftsjahr "",
""Fix Failed"",""Festsetzung fehlgeschlagen"",
""Fixed Asset"",""Vermögen festgesetzt"",
""Fixed Assets"",Anlagevermögen,
Float,,
""Following cells have errors: ${0}."",""Folgende Zellen haben Fehler: ${0}."",
""Following links do not exist: ${absentLinks .map((l) =>"",,
Font,Schriftart,
""For Purchase"",""Für Einkauf"",
""For Sales"",""Für Verkauf"",
""Forbidden Error"",""Unzulässiger Fehler"",
""Form Section"",,
""Form Tab"",""Formular Tab"",
""Form Type"",""Formular Typ"",
Fr,,
Fraction,Bruchteil,
""Fraction Units"",Fraktionseinheiten,
""Green Bar By SFGCO does not have access to the selected file: ${0}"",,
""Freight and Forwarding Charges"",""Fracht- und Speditionskosten"",
From,Von,
""From Account"",""Von Konto"",
""From Date"",""Von Datum"",
""From Loc."",""Von Ort"",
""From Year"",""Von Jahr"",
""Full Name"",""Vollständiger Name"",
""Furnitures and Fixtures"",""Mobiliar und Einrichtungsgegenstände"",
GST,,
""GSTIN No."",GSTIN-Nr.,
GSTR1,GSTR1,
GSTR2,GSTR2,
""Gain/Loss on Asset Disposal"",""Gewinn/Verlust aus der Veräußerung von Vermögenswerten"",
General,Allgemein,
""General Ledger"",Hauptbuch,
""Get Started"",""Los geht's"",
Global,,
""Go back to the previous page"",""Zur vorherigen Seite zurückkehren"",
Gram,Gramm,
""Grand Total"",Gesamtbetrag,
""Greater Than"",""Größer als"",
Green,Grün,
""Group By"",""Gruppieren nach"",
HSN/SAC,HSN/SAC,
""HSN/SAC Code"",HSN/SAC-Code,
""Half Yearly"",Semester,
""Half Years"",Semester,
""Has Batch"",""Hat Gebinde"",
""Has Serial Number"",""Hat Seriennummer"",
""Height (in cm)"",""Höhe (in cm)"",
Help,Hilfe,
""Hex Value"",Hex-Wert,
""Hidden values will be visible on Print on."",""Versteckte Variablen werden nicht im Druck angezeigt"",
""Hide Get Started"",""""Los geht's"" ausblenden"",
""Hide Group Amounts"",""Gruppenkonten ausblenden"",
""Hide Month/Year"",""Monat/Jahr ausblenden"",
""Hides the Get Started section from the sidebar. Change will be visible on restart or refreshing the app."",""Blendet den Abschnitt ""Erste Schritte"" in der Seitenleiste aus. Die Änderung wird beim Neustart oder beim Aktualisieren der App sichtbar."",
Hour,Stunde,
INR,,
Image,Bild,
""Import Complete"",""Import erfolgreich abgeschlossen"",
""Import Data"",""Importierte Daten"",
""Import Data."",""Importierte Daten"",
""Import Type"",Import-Typ,
""Import Wizard"",""Import-Assistent"",
""Importer not set"," reload tool"",""Importer nicht gesetzt"
"Fieldname ${0} already used for Custom Field ${1}",,
Fieldtype,,
Fifteen,,
Fifty,,
"File ${0} does not exist.",,
"File selection failed",,
Fill,,
Filter,,
"Filter by Group",,
"Fiscal Year",,
"Fiscal Year End Date",,
"Fiscal Year Start Date",,
Five,,
"Fix Failed",,
"Fixed Asset",,
"Fixed Assets",,
Float,,
Floor,,
"Following cells have errors: ${0}.",,
"Following links do not exist: ${absentLinks .map((l) =>",,
Font,,
"For Purchase",,
"For Sales",,
"Forbidden Error",,
"Form Section",,
"Form Tab",,
"Form Type",,
Forty,,
Four,,
Fourteen,,
Fr,,
Fraction,,
"Fraction Units",,
"Free Item",,
"Free items out of stock: ${0}",,
"Freight and Forwarding Charges",,
From,,
"From Account",,
"From Date",,
"From Lead",,
"From Loc.",,
"From Year",,
"Full Name",,
"Furnitures and Fixtures",,
GST,,
"GSTIN No.",,
GSTR1,,
GSTR2,,
"Gain/Loss on Asset Disposal",,
General,,
"General Ledger",,
"Get Started",,
Global,,
"Go back to the previous page",,
Gram,,
"Grand Total",,
"Greater Than",,
Green,,
"Green Bar By SFGCO does not have access to the selected file: ${0}",,
"Group By",,
HSN/SAC,,
"HSN/SAC Code",,
"Half Yearly",,
"Half Years",,
"Has Batch",,
"Has Serial Number",,
"Height (in cm)",,
Held,,
"Held Button Colour",,
Help,,
"Hex Value",,
"Hidden values will be visible on Print on.",,
"Hide Get Started",,
"Hide Group Amounts",,
"Hide Month/Year",,
"Hide Unavailable Items",,
"Hides the Get Started section from the sidebar. Change will be visible on restart or refreshing the app.",,
Hour,,
Hundred,,
INR,,
"If any entry form is open, save the details. Otherwise, save the invoice.",,
"If any entry form is open, your entry will be canceled. Otherwise the selected items will be removed.",,
"Ignore Pricing Rule",,
Image,,
"Import Complete",,
"Import Data",,
"Import Data.",,
"Import Type",,
"Import Wizard",,
"Importer not set, reload tool",,
Inactive,,
"Include Cancelled",,
Income,,
"Income Account",,
"Increase print template display scale",,
Indigo,,
"Indirect Expenses",,
"Indirect Income",,
Inflow,,
"Instance Id",,
"Insufficient Quantity",,
"Insufficient Quantity.",,
"Insufficient Quantity. Item ${0} has only ${1} quantities available. you selected ${2}",,
Int,,
"Integration Error Log",,
Interested,,
"Intergrated Tax",,
"Internal Precision",,
"Invalid HSN Code.",,
"Invalid Key Error",,
"Invalid Quantity for Item ${0}",,
"Invalid barcode value ${0}.",,
"Invalid value ${0} for ${1}",,
"Invalid value found for ${0}",,
Inventory,,
"Inventory Items",,
"Inventory Settings",,
Investments,,
Invoice,,
"Invoice Created",,
"Invoice Date",,
"Invoice Item",,
"Invoice No",,
"Invoice No.",,
"Invoice Value",,
Invoices,,
Is,,
"Is Coupon Code Based",,
"Is Custom",,
"Is Empty",,
"Is Enabled",,
"Is Group",,
"Is Landscape",,
"Is Not",,
"Is Not Empty",,
"Is POS Shift Open",,
"Is Price List Enabled",,
"Is Pricing Rule Enabled",,
"Is Recursive",,
"Is Required",,
"Is Sync Enabled",,
"Is Whole",,
Item,,
"Item ${0} has Zero Quantity",,
"Item ${0} is a batched item",,
"Item ${0} is not a batched item",,
"Item ${0} not found",,
"Item ${0} not in Stock",,
"Item ${0} only has ${1} Quantity",,
"Item ${0} only has ${1} Quantity in batch ${2}",,
"Item Code",,
"Item Code Digits",,
"Item Description",,
"Item Discounts",,
"Item Group",,
"Item Name",,
"Item Prices",,
"Item Visibility",,
"Item is out of stock (quantity is zero)",,
"Item with From location not found",,
"Item with To location not found",,
"Item with barcode ${0} not found.",,
ItemCode,,
Items,,
January,,
"John Doe",,
"Journal Entries",,
"Journal Entry",,
"Journal Entry Account",,
"Journal Entry Number Series",,
"Journal Entry Print Template",,
July,,
June,,
"Key Hints",,
Kg,,
Label,,
Language,,
Lead,,
"Left Index",,
"Legal Expenses",,
"Less Filters",,
"Less Than",,
Liability,,
Limit,,
Link,,
"Link Validation Error",,
"Linked Entries",,
List,,
"List View",,
"Load an existing company from your computer",,
"Loading Report...",,
"Loading instance...",,
Loading...,,
"Loans (Liabilities)",,
"Loans and Advances (Assets)",,
Locale,,
Location,,
"Location Name",,
Logo,,
"Loyalty Point Entry",,
"Loyalty Points",,
"Loyalty Points Redemption",,
"Loyalty Program",,
"Loyalty Program Tier",,
"Make Entry",,
"Make Payment On Submit",,
"Make Purchase Receipt On Submit",,
"Make Shipment On Submit",,
"Mandatory Error",,
Manufacture,,
"Manufacture Date",,
"Mar 23, 2022",,
March,,
"Mark ${0} as submitted?",,
"Marketing Expenses",,
"Material Issue",,
"Material Receipt",,
"Material Transfer",,
"Max Amount",,
"Max Qty (As Per Stock Unit)",,
"Maximum Amount should be greater than the Minimum Amount.",,
"Maximum Amount should be lesser than Pricing Rule's Maximum Amount",,
"Maximum Quantity should be greater than the Minimum Quantity.",,
"Maximum Use",,
May,,
Meter,,
Million,,
"Min Amount",,
"Min Qty (As Per Stock Unit)",,
"Minimum Amount should be greather than the Pricing Rule's Minimum Amount.",,
"Minimum Amount should be less than the Maximum Amount.",,
"Minimum Quantity should be less than the Maximum Quantity.",,
"Minimum Total Spent",,
Misc,,
Miscellaneous,,
"Miscellaneous Expenses",,
Mo,,
Mobile,,
Modern,,
Modified,,
"Modified By",,
Monthly,,
Months,,
More,,
"More Filters",,
"More shortcuts will be added soon.",,
"Movement Type",,
Name,,
Navigate,,
"Need ${0} Serial Numbers for Item ${1}. You have provided ${2}",,
"Net Total",,
"New ${0}",,
"New ${0} ${1}",,
"New Account",,
"New Company",,
"New Entry",,
"New Template",,
Nine,,
Nineteen,,
Ninety,,
No,,
"No Display Entries Found",,
"No Print Templates not found for entry type ${0}",,
"No Value",,
"No Values to be Displayed",,
"No entries found",,
"No entries were imported.",,
"No expenses in this period",,
"No filters selected",,
"No linked entries found",,
"No results found",,
"No results found, disable filters",,
"No rows added. Select a file or add rows.",,
"No transactions yet",,
"Non Active Serial Number ${0} cannot be used as Manufacture raw material",,
"Non Active Serial Number ${0} cannot be used for Material Issue",,
"Non Active Serial Number ${0} cannot be used for Material Transfer",,
"Non Inactive Serial Number ${0} cannot be used for Material Receipt",,
"Non-Inventory Items",,
None,,
"Not Found",,
"Not Saved",,
"Not Submitted",,
"Not Transferred",,
Notes,,
November,,
"Number Display",,
"Number Series",,
"Number of ${0}",,
"Number of Rows",,
October,,
"Office Equipments",,
"Office Maintenance Expenses",,
"Office Rent",,
Okay,,
"Onboarding Complete",,
One,,
"Only From or To can be set for Manufacture",,
Open,,
"Open Count",,
"Open Documentation",,
"Open Folder",,
"Open Print View",,
"Open Print View if Print is available.",,
"Open Quick Search",,
"Open Report Print View",,
"Open Sales Invoice List",,
"Open Saved or Submitted Invoice List.",,
"Open the Export Wizard modal",,
"Opening (Cr)",,
"Opening (Dr)",,
"Opening Amount",,
"Opening Amounts",,
"Opening Balance Equity",,
"Opening Balances",,
"Opening Cash",,
"Opening Cash Amount can not be negative.",,
"Opening Cash In Denominations",,
"Opening Date",,
"Opening Entry",,
"Opening Shift",,
Opportunity,,
Options,,
Orange,,
Organisation,,
Outflow,,
Outstanding,,
"Outstanding Amount",,
POS,,
"POS Closing Shift",,
"POS Counter Cash Account is not set. Please set it on POS Settings",,
"POS Customer",,
"POS Inventory is not set. Please set it on POS Settings",,
"POS Opening Shift",,
"POS Profile",,
"POS Settings",,
"POS Shift Amount",,
"POS Write Off Account is not set. Please set it on POS Settings",,
"Pad Zeros","mit Nullen auffüllen",
Page,Seite,
Paid,Bezahlt,
"Paid ${0}","${0} bezahlt",
"Paid Change",,
Paisa,,
Parent,Übergeordnet,
"Parent Account","Übergeordnetes Konto",
"Partly Paid",,
"Partly Paid ${0}",,
Party,Geschäftspartner,
"Patch Run",Reparatur-Durchlauf,
Pay,Zahlen,
"Pay & Print",,
"Pay And Print Button Colour",,
"Pay Button Colour",,
Payable,Verbindlichkeit,
Payment,Zahlung,
"Payment ${0} is Saved","Bezahlung ${0} wurde gespeichert",
"Payment For","Zahlung für",
"Payment Method",Zahlungsmethode,
"Payment No",Zahlungsnr.,
"Payment Number Series","Nummernserie Zahlungen",
"Payment Print Template","Druckvorlage für Zahlungen",
"Payment Reference",Zahlungsreferenz,
"Payment Type",Zahlungsart,
"Payment amount cannot be ${0}.","Der Zahlungsbetrag kann nicht ${0} sein",
"Payment amount cannot be less than zero.","Der Zahlungsbetrag kann nicht kleiner als Null sein",
"Payment amount cannot exceed ${0}.","Der Zahlungsbetrag kann ${0} nicht überschreiten",
"Payment amount: ${0} should be greater than 0.","Zahlungsbetrag: ${0} sollte größer als 0 sein",
"Payment amount: ${0} should be less than Outstanding amount: ${1}.","Zahlungsbetrag: ${0} sollte kleiner sein, als der ausstehende Betrag: ${1}",
"Payment of ${0} will be made from account ""${1}"" to account ""${2}"" on Submit.","Die Zahlung von ${0} wird beim Buchen vom Konto ""${1}"" auf das Konto ""${2}"" durchgeführt",
Payments,Zahlungen,
"Payroll Payable","fällige Gehaltsabrechnung",
"Pending qty. ${0}","Ausstehende Menge: ${0}",
Periodicity,Periodizität,
Phone,Telefon,
"Pick Columns","Spalten auswählen",
"Pick Import Columns","Wähle Spalten zum Import",
Pink,Rosa,
Place,Ort,
"Place of supply","Ort der Lieferung",
"Plants and Machineries","Anlagen und Maschinen",
"Please Wait","Bitte warten...",
"Please add a customer before saving",,
"Please check Key Hints for valid key names","Bitte prüfen Sie die Schlüsselhinweise auf gültige Schlüsselnamen",
"Please create a ${0} entry to view Template Preview.","Bitte erstellen Sie einen ${0}-Eintrag, um die Vorlagenvorschau anzuzeigen.",
"Please fill all values.","Bitte füllen Sie alle Werte aus.",
"Please restart and try again.","Bitte starten Sie neu und versuchen Sie es erneut.",
"Please select a Print Template","Bitte wählen Sie eine Druckvorlage.",
"Please select a batch first",,
"Please select a valid reference type.","Bitte eine gültige Datenreferenz wählen",
"Please set GSTIN in General Settings.","Bitte stellen Sie die GSTIN in den allgemeinen Einstellungen ein.",
"Please set Round Off Account in the Settings.","Bitte stellen Sie in den Einstellungen ein Abrundungskonto ein.",
"Please set a Display Doc","Bitte stellen Sie ein Anzeigedokument ein",
"Point of Sale",Verkaufsstelle,
"Points must be greater than 0",,
"Points must be greather than 0",,
"Pos Print Template",,
"Pos Print Width",,
"Pos Ui",,
"Postal Code",Postleitzahl,
"Postal Expenses",Portokosten,
"Posting Date",Buchungsdatum,
Prefix,Präfix,
"Price Discount",,
"Price Discount Scheme",,
"Price Discount Type",,
"Price List",Preisliste,
"Price List Item",Preislistenartikel,
"Pricing Rule",,
"Pricing Rule Detail",,
"Pricing Rule Item",,
"Prime Bank","Primäre Bank",
Print,Drucken,
"Print ${0}",,
"Print Failed",,
"Print Settings",,
"Print Setup",,
"Print Successful",,
"Print Template",,
"Print Template Name not set",,
"Print Template is empty",,
"Print Templates",,
"Print View",,
"Print and Stationery",,
Priority,,
Product,,
"Product Discount",,
"Product Discount Scheme",,
Profile,,
"Profit And Loss",,
"Profit and Loss",,
Purchase,,
"Purchase Acc.",,
"Purchase Amount",,
"Purchase Invoice",,
"Purchase Invoice Item",,
"Purchase Invoice Number Series",,
"Purchase Invoice Print Template",,
"Purchase Invoice Terms",,
"Purchase Invoices",,
"Purchase Item",,
"Purchase Item Created",,
"Purchase Items",,
"Purchase Payment",,
"Purchase Payment Account",,
"Purchase Payments",,
"Purchase Receipt",,
"Purchase Receipt Item",,
"Purchase Receipt Location",,
"Purchase Receipt Number Series",,
"Purchase Receipt Print Template",,
"Purchase Receipt Terms",,
Purchases,,
Purple,,
Purpose,,
"Qty in Batch",,
"Qty. ${0}",,
"Qty. in Transfer Unit",,
Quantity,,
"Quantity (${0}) has to be greater than zero",,
"Quantity and Amount",,
"Quantity needs to be set",,
Quarterly,,
Quarters,,
"Quick Search",,
"Quick edit error: ${0} entry has no name.",,
Quotation,,
Quote,,
"Quote Reference",,
Rate,,
"Rate (${0}) cannot be less zero.",,
"Rate (${0}) has to be greater than zero",,
"Rate can't be negative.",,
"Rate needs to be set",,
"Raw Value: ${0}",,
Receivable,,
Receive,,
"Recurse Every (As Per Transaction Unit)",,
Red,,
"Redeem Loyalty Points",,
"Ref Name",,
"Ref Type",,
"Ref. / Cheque No.",,
"Ref. Date",,
"Ref. Name",,
"Ref. Type",,
Reference,,
"Reference Date",,
"Reference Id not set.",,
"Reference Number",,
"Reference Type",,
References,,
"Register Instance",,
"Reload Green Bar By SFGCO?",,
Replied,,
Report,,
"Report Error",,
"Report Issue",,
"Report will use more than one page if required.",,
Reports,,
"Required fields not selected: ${0}",,
"Retained Earnings",,
Return,,
"Return Against",,
"Return Button Colour",,
"Return Issued",,
"Reverse Chrg.",,
Reverted,,
Reverts,,
"Review Accounts",,
"Review your chart of accounts, add any account or tax heads as needed",,
"Right Index",,
Role,,
"Root Type",,
Round,,
"Round Free Item Quantity",,
"Round Off",,
"Round Off Account",,
"Round Off Account Not Found",,
"Rounded Off",,
"Rounding Method",,
"Row ${0}",,
Sa,,
Salary,,
Sales,,
"Sales Acc.",,
"Sales Expenses",,
"Sales Invoice",,
"Sales Invoice ${0} is Saved",,
"Sales Invoice ${0} is Submitted",,
"Sales Invoice Item",,
"Sales Invoice Number Series",,
"Sales Invoice Print Template",,
"Sales Invoice Terms",,
"Sales Invoices",,
"Sales Item",,
"Sales Item Created",,
"Sales Items",,
"Sales Payment",,
"Sales Payment Account",,
"Sales Payments",,
"Sales Quote",,
"Sales Quote Item",,
"Sales Quote Number Series",,
"Sales Quote Print Template",,
"Sales Quotes",,
"Sales and Purchase",,
Save,,
"Save ${0}?",,
"Save Button Colour",,
"Save Customizations",,
"Save Template",,
"Save Template File",,
"Save and Continue",,
"Save as PDF",,
"Save as PDF Successful",,
"Save changes made to ${0}?",,
"Save or Submit an entry.",,
Saved,,
"Search Item (Name or Barcode)",,
"Search an Item",,
"Secured Loans",,
"Securities and Deposits",,
Select,,
"Select CoA",,
"Select Color",,
"Select Colour",,
"Select Country",,
"Select File",,
"Select Image",,
"Select Template File",,
"Select a Display Doc to view the Template",,
"Select a Template type",,
"Select a form type to customize",,
"Select a pre-defined page size, or set a custom page size for your Print Template.",,
"Select column",,
"Select file",,
"Select folder",,
"Select the template type.",,
Selected,,
September,,
"Serial Number",,
"Serial Number ${0} does not belong to the item ${1}.",,
"Serial Number ${0} does not exist.",,
"Serial Number ${0} is not Active.",,
"Serial Number ${0} is not Inactive",,
"Serial Number ${0} status is not Active.",,
"Serial Number Description",,
"Serial Number is enabled for Item ${0}",,
"Serial Number is not enabled for Item ${0}",,
"Serial Number not set for row ${0}.",,
"Serial Number set for row ${0}.",,
Service,,
"Set Coupon Code",,
"Set Discount Amount",,
"Set Loyalty Program",,
"Set Period",,
"Set Price List",,
"Set Print Size",,
"Set Template Type",,
"Set Up",,
"Set Up Your Workspace",,
"Set a Template value to see the Print Template",,
"Set an Import Type",,
"Set the display language.",,
"Set the local code. This is used for number formatting.",,
"Set up your company information, email, country and fiscal year",,
"Set up your opening balances before performing any accounting entries",,
"Set up your organization",,
"Set up your tax templates for your sales or purchase transactions",,
"Sets how many digits are shown after the decimal point.",,
"Sets the app-wide date display format.",,
"Sets the internal precision used for monetary calculations. Above 6 should be sufficient for most currencies.",,
"Sets the theme of the app.",,
"Setting Up Instance",,
Settings,,
Setup,,
"Setup Complete",,
"Setup Wizard",,
"Setup system defaults like date format and display precision",,
Seven,,
Seventeen,,
Seventy,,
Shipment,,
"Shipment ${0} is Submitted",,
"Shipment Item",,
"Shipment Location",,
"Shipment Number Series",,
"Shipment Print Template",,
"Shipment Terms",,
Shortcuts,,
"Should entries be submitted after syncing?",,
"Show HSN",,
"Show Me",,
"Show Month/Year",,
"Single Value",,
Six,,
Sixteen,,
Sixty,,
"Skip Child Tables",,
"Skip Transactions",,
"Smallest Currency Fraction Value",,
Softwares,,
"Something has gone terribly wrong. Please check the console and raise an issue.",,
"Source of Funds (Liabilities)",,
"Standard Chart of Accounts",,
Start,,
"Start From Row Index",,
State,,
"State Tax",,
Status,,
Stock,,
"Stock Adjustment",,
"Stock Assets",,
"Stock Balance",,
"Stock Entries",,
"Stock Expenses",,
"Stock In Hand",,
"Stock In Hand Acc.",,
"Stock Ledger",,
"Stock Ledger Entry",,
"Stock Liabilities",,
"Stock Movement",,
"Stock Movement Item",,
"Stock Movement No.",,
"Stock Movement Number Series",,
"Stock Movement Print Template",,
"Stock Movements",,
"Stock Not Received",,
"Stock Not Shipped",,
"Stock Not Transferred",,
"Stock Received But Not Billed",,
"Stock Received But Not Billed Acc.",,
"Stock Transfer Item",,
"Stock Unit",,
StockTransfer,,
Stores,,
Su,,
Submit,,
"Submit ${0}?",,
"Submit Button Colour",,
"Submit entries?",,
Submitted,,
Success,,
Supplier,,
"Supplier Created",,
Suppliers,,
Symbol,,
"Sync Data From Server",,
"Sync Data To ERPNext",,
"Sync Settings",,
System,,
"System Settings",,
"System Setup",,
Table,,
Target,,
Tax,,
"Tax Account",,
"Tax Amount",,
"Tax Assets",,
"Tax Detail",,
"Tax ID",,
"Tax Invoice Account",,
"Tax Payment Account",,
"Tax Rate",,
"Tax Summary",,
"Tax Template",,
"Tax Templates",,
"Tax and Totals",,
"Taxable Value",,
"Taxed Amount",,
Taxes,,
"Taxes and Charges",,
Teal,,
"Telephone Expenses",,
Template,,
"Template Builder",,
"Template Compilation Error",,
"Template Name",,
"Template Type",,
"Template file saved",,
Temporary,,
"Temporary Accounts",,
"Temporary Opening",,
Ten,,
Terms,,
Text,,
Th,,
"The Grand Total must be less than ${0} to apply this coupon.",,
"The Grand Total must exceed ${0} to apply the coupon ${1}.",,
"The following characters cannot be used ${0} in a Number Series name.",,
"The following items have insufficient quantity for Shipment: ${0}",,
Theme,,
Thirteen,,
Thirty,,
"This Month",,
"This Quarter",,
"This Year",,
"This action is permanent",,
"This action is permanent and will cancel the following payment: ${0}",,
"This action is permanent and will cancel the following payments: ${0}",,
"This action is permanent and will delete associated ledger entries.",,
"This action is permanent.",,
Thousand,,
Three,,
"Tier Name",,
"Times New Roman",,
Title,,
To,,
"To Account",,
"To Account and From Account can't be the same: ${0}",,
"To Date",,
"To Loc.",,
"To Year",,
"Toggle Edit Mode",,
"Toggle Key Hints",,
"Toggle Linked Entries widget, not available in Quick Edit view.",,
"Toggle between Grid and List view",,
"Toggle between form and full width",,
"Toggle sidebar",,
"Toggle the Create filter",,
"Toggle the Docs filter",,
"Toggle the List filter",,
"Toggle the Page filter",,
"Toggle the Report filter",,
"Top Expenses",,
Total,,
"Total Amount",,
"Total Asset (Debit)",,
"Total Debit: ${0} must be equal to Total Credit: ${1}",,
"Total Discount",,
"Total Equity (Credit)",,
"Total Expense (Debit)",,
"Total Income (Credit)",,
"Total Liability (Credit)",,
"Total Profit",,
"Total Quantity",,
"Total Spending",,
"Track Inventory",,
Transfer,,
"Transfer No",,
"Transfer Type",,
"Transfer Unit",,
"Transfer Unit ${0} is not applicable for Item ${1}",,
"Transfer will cause future entries to have negative stock.",,
"Travel Expenses",,
"Trial Balance",,
Tu,,
Twelve,,
Twenty,,
Two,,
Type,,
"Type to search...",,
UOM,,
"UOM Conversion Item",,
"UOM Conversions",,
"Unable to add an item to the return invoice.",,
Unit,,
"Unit Type",,
Unpaid,,
"Unpaid ${0}",,
"Unsecured Loans",,
"Until Date",,
"Use Full Width",,
"Use List Filters",,
Used,,
"User Remark",,
"Utility Expenses",,
"Valid From",,
"Valid From Date should be greather than Pricing Rule's Valid From Date.",,
"Valid From Date should be less than Valid To Date.",,
"Valid To",,
"Valid To Date should be greater than Valid From Date.",,
"Valid To Date should be lesser than Pricing Rule's Valid To Date.",,
"Validation Error",,
Validity,,
"Validity and Usage",,
Value,,
"Value missing for ${0}",,
"Value: ${0}",,
Version,,
View,,
"View Accounting Entries",,
"View Paid Invoices",,
"View Purchases",,
"View Sales",,
"View Stock Entries",,
"View Unpaid Invoices",,
"View linked entries",,
We,,
"Weight Enabled Barcode",,
"Welcome to Green Bar By SFGCO",,
"When linking documents, if no match is found and filtering is in effect, allow to disable filters.",,
"Width (in cm)",,
"Write Off",,
"Write Off Account",,
"Write Off Account ${0} does not exist. Please set Write Off Account in General Settings",,
"Write Off Account not set. Please set Write Off Account in General Settings",,
"Write Off Entry",,
"Year to Date",,
Yearly,,
Years,,
Yellow,,
Yes,,
Zero,,
and,,
"check values and click on",,
"default Account",,
held,,
"in Batch ${0}",,
"item Group",,
"item Weight Digits",,
john@doe.com,,
"no need ${0} points to purchase this item",,
only,,
"to apply changes",,